Workbook

Sheet Project Data
A1: Project Name | B1: AI-Assisted Legacy Migration Knowledge Base
A3: Online team meeting | B3: https://fau.zoom-x.de/j/68356420940?pwd=yD6DYSba2jI1DTVMOvI3JmRchu9TuY.1
A5: Production system (if any) | B5: ...
A6: Test system (if any) | B6: ...
A8: GitHub repository | B8: https://github.com/amosproj/amos2026ws01-legacy-migrator
A9: GitHub feature board | B9: https://github.com/orgs/amosproj/projects/109
A10: GitHub imp-squared backlog | B10: https://github.com/orgs/amosproj/projects/113/views/1
A12: Position of T-shirt logo | B12: Upper Torso Right Small
A13: Link to logo for black T-shirt | B13: https://github.com/amosproj/amos2026ws01-legacy-migrator/blob/main/Deliverables/sprint-01/team-logo-blackTshirt.png
A14: Link to logo for white T-shirt | B14: https://github.com/amosproj/amos2026ws01-legacy-migrator/blob/main/Deliverables/sprint-01/team-logo-whiteTshirt.png
A16: Additional materials | B16: ...
A18: Team maling list | B18: oss-amos-proj1@lists.fau.de

Sheet Project Team
A1: Last Name | B1: First Name | C1: GitHub User Name | D1: Email Address
A2: Fritz | B2: Josefina | C2: https://github.com/Josefinafr | D2: josefina.fritz@fau.de
A3: Barriga Vasquez | B3: Fernando | C3: https://github.com/fbarquez | D3: f.barriga.vasquez@campus.tu-berlin.de
A4: Sternberg | B4: Fiona | C4: https://github.com/Faoilthiama | D4: fiona.sternberg@fau.de
A5: Afzal Yousuf | B5: Ali | C5: https://github.com/3liAf | D5: ali.yousuf@fau.de
A6: Pohlitz | B6: Paul | C6: https://github.com/ppohlitze | D6: p.pohlitz@campus.tu-berlin.de
A7: Rubins | B7: Adrians | C7: https://github.com/AdriansRubins | D7: il4707fu@zedat.fu-berlin.de
A8: Kiesel | B8: Paul | C8: https://github.com/nudelisidle | D8: paul.kiesel@fau.de
A9: Ahm | B9: Raihan | C9: https://github.com/RaihanFAU | D9: ahm.raihan@fau.de
A10: Marques | B10: Rafael | C10: https://github.com/RafaelMcMarques | D10: rafael.mc.marques@fau.de

Sheet Role Assignments
C1: Product Owner
A2: # | B2: Meeting Day | C2: Review | D2: Planning | E2: Software Developer | F2: Release Manager | G2: Scrum Master | H2: Comment
A3: 1 | B3: 46309 | C3: Fernando | D3: Josefina | E3: Everyone else | F3: N/A | G3: Fiona
A4: 2 | B4: =B3+7 -> 46316 | C4: Josefina | D4: Fernando | E4: Everyone else | F4: Ali | G4: Fiona
A5: 3 | B5: =B4+7 -> 46323 | C5: Fernando | D5: Josefina | E5: Everyone else | F5: Paul K. | G5: Fiona
A6: 4 | B6: =B5+7 -> 46330 | C6: Josefina | D6: Fernando | E6: Everyone else | F6: Adrians | G6: Fiona
A7: 5 | B7: =B6+7 -> 46337 | C7: Fernando | D7: Josefina | E7: Everyone else | F7: Paul P. | G7: Fiona
A8: 6 | B8: =B7+7 -> 46344 | C8: Josefina | D8: Fernando | E8: Everyone else | F8: Raihan | G8: Fiona
A9: 7 | B9: =B8+7 -> 46351 | C9: Fernando | D9: Josefina | E9: Everyone else | F9: Rafael | G9: Fiona | H9: Mid-term due
A10: 8 | B10: =B9+7 -> 46358 | C10: Josefina | D10: Fernando | E10: Everyone else | F10: Ali | G10: Fiona
A11: 9 | B11: =B10+7 -> 46365 | C11: Fernando | D11: Josefina | E11: Everyone else | F11: Paul K. | G11: Fiona
A12: 10 | B12: 46398 | C12: Josefina | D12: Fernando | E12: Everyone else | F12: Adrians | G12: Fiona
A13: 11 | B13: =B12+7 -> 46405 | C13: Fernando | D13: Josefina | E13: Everyone else | F13: Paul P. | G13: Fiona
A14: 12 | B14: =B13+7 -> 46412 | C14: Josefina | D14: Fernando | E14: Everyone else | F14: Raihan | G14: Fiona
A15: 13 | B15: =B14+7 -> 46419 | C15: Fernando | D15: Josefina | E15: Everyone else | F15: Rafael | G15: Fiona
A16: 14 | B16: =B15+7 -> 46426 | C16: Josefina | D16: Fernando | E16: Everyone else | F16: Ali | G16: Fiona | H16: Demo day!
A17: 15 | B17: =B16+7 -> 46433 | C17: Fernando | D17: Josefina | E17: Everyone else | F17: Paul K. | G17: Fiona | H17: Retrospective
A19: Product owners, software developers, and Scurm Master are set and ideally don't change over time; the critical part is the Release Manager role you need to define here

Sheet Team Contract
A1: Goals
B2: - Develop a useable and useful Prototype - Prototype should be compatible with MIT Software Licenses - Meet Requirements (that we don’t know yet) from our industry partner - A good Teamwork - A Demo Version of the Prototype on Demo-day - Keep the Project realistic - Prototype should be easily demonstratable on Demo-day - Preferably locally testable (Ollama)
A3: Meeting norms
B4: - Meetings will be held in English - Be on time and come prepared > Punishments - Camera should be turned on (If it goes) - Let everyone speak and respect opinions and boundaries - If you are sick write a quick chat on WhatsApp and write the Professor
A5: Working norms
B6: - Ask for help if needed / Be helpful to others - Are you sick or unable to end your sprint work please let the POs know - AI Assistant Coding: Developer self should Review it first and the make a pull request - if AI used for git commit messages: PROPERLY Double check and remove "co-authored by Claude / etc." - Suggestion from Dirk Riehle: Required Review (If you create a merge request, you must review at least one another merge request) - When AI Agents are used: Create a system prompt file (for example .Vscode/copilot-instructions.md for GitHub-Copilot ) and write down our coding norms there so that the AI adheres to them - Main Branch just touchable by the Release Manager that week – by Pull Request from Dev Branch - Dev branches with split branches (Title of backlog) – Pull request needs to be review - Breaking Change/Bugs handled by Release Manager and the one who caused it - Dirk Riehle said that collaborative coding must be annotated with a "Co-authored-by: Firstname Lastname <uni-email@uni.de>" at the end of a git commit message, one line per coworker. "Assigned to ..." flags on GitHub Projects work items will probably not be graded - Ensure local, easy reproducability and testability during development, right from the start. This is done by writing setup and start scripts, where it is necessary (instead of executing a module with long config files and 2329 env variables) - We all push into the develop branch then the release manager merges this then with the main branch
A7: Coordination norms
B8: - Planning Board Coordination - If you disagree about smth - discuss it with each other first via Discord/WA and maybe bring it with you to the team meeting session - Never move feature to "Feature Archive" (Finished) column without a review in "Awaiting Review" column first - When you assign someone else to a feature, notify them explicitly WhatsApp
A9: Communication norms
B10: - We set up a Discord Server - WhatsApp as main Communication Form - Happy Go Lucky: for twice a week Standup Email SDs (weekly for POs, SM) - Email with Wolfgang run by Fernando and Josefina - Feel free to text privately on WhatsApp if stuff comes up
A11: Consideration norms
B12: - Be patient – language differences, not same level of programming exp - respect each other’s time - Be nice and kind to each other - Be open to constructive feedback and focus on solving problems rather than blaming each other - In planning poker always considere your peers thez might not have the same knowledge as you have
A13: Cont. improvement norms
B14: - No automating push into main and dev branch - Feature branch are named after tickets - After issue is resolved the feature branch for the ticket won’t be deleted - Merge requests shall not be reviewed automatically - Everybody gets informed about resolved pull requests -Maybe leave a message on WA - If there is any issue that has to be resolved immediately find a time to talk together on Discord - Build process create a useful artefact - Artefacts are stored on Github - Vertical slices workstream
A15: Rewards
B16: - Get a T-shirt - Get a good grade - Online Celebration - Small Celebration for every release - A good Linkdin Profil : “What AMOS project taught me about B2B SAAS this week”
A17: Sanctions
B18: - If you’re late to a team meeting, you have to dance when you join. - If you have to complete a penalty, you can choose to dance or sing. - https://allkaraoke.party/game/?playlist=English&song=radiohead-creep
A19: Signatures
A21: Scrum Master | B21: Fiona
A22: Product owner | B22: Fernando
A23: Product owner | B23: Josefina
A24: Software developer | B24: Paul
A25: Software developer | B25: Ali
A26: Software developer | B26: Adrian
A27: Software developer | B27: Rafael
A28: Software developer | B28: Raihan
A29: Software developer | B29: Paul

Sheet Product Goal
A1: Product Vision | B1: Project Mission
A3: Enable software teams to migrate legacy systems with confidence by providing a persistent, connected knowledge base of legacy code, target code, domain knowledge and system dependencies. Through natural-language queries and up-to-date architecture views, teams can understand migration progress, preserve essential knowledge and make informed decisions about what to migrate or decommission next. | B3: Develop and validate a prototype during the AMOS semester using a shareable reference project with a realistic migration history. Evaluate existing analysis tools, connect relevant information in a knowledge graph and demonstrate reliable natural-language answers about at least one migration step. Agree on measurable success criteria with the industry partner and define the scope of generated architecture views.

Sheet Product Glossary
A1: Term | B1: Definition
A2: Legacy System | B2: The existing software system whose functionality is gradually migrated to a new system. Some components remain active during the transition.
A3: Target System | B3: The new system that gradually replaces legacy functionality. Its actual code is analysed to distinguish implemented functionality from planned work.
A4: Knowledge Base | B4: A persistent, versioned collection of connected information about legacy code, target code, domain knowledge and migration dependencies.
A5: Knowledge Graph | B5: A representation of information as nodes and relationships, connecting elements such as code components, bounded contexts and dependencies.
A6: Abstract Syntax Tree (AST) | B6: A structured representation of source code used to analyse elements such as classes, methods and fields.
A7: Domain Model | B7: A structured description of the business domain, including bounded contexts, business terminology, rules and events.
A8: Bounded Context | B8: A defined business boundary within which a particular domain model and its terminology apply. It can be linked to its implementations in both systems.
A9: Ubiquitous Language | B9: The shared business vocabulary used by domain experts and developers within a bounded context.
A10: Coupling | B10: A dependency between components or systems, such as direct calls, shared database tables or messaging routes. Remaining coupling can affect decommissioning decisions.
A11: Decommissioning | B11: Taking a legacy component out of operation after its functionality and remaining dependencies have been addressed.
A12: Strangler Fig Migration | B12: An incremental migration approach in which a new system gradually replaces the legacy system through parallel operation, completion and decommissioning.
... A22: Minimum Viable Product (MVP) | B22: The initial prototype scope agreed with the industry partner. The kickoff discussion identifies answering natural-language questions about at least one migration step as the minimum goal.

Sheet Sprint Goals
A1: Sprint # | B1: Sprint goal
A2: 1 | B2: United Understanding
A3: =A2+1 -> 2 | B3: None
A4: =A3+1 -> 3 | B4: None
A5: =A4+1 -> 4 | B5: Optional
A6: =A5+1 -> 5 | B6: Write your sprint goal here
A7: =A6+1 -> 6
A8: =A7+1 -> 7
A9: =A8+1 -> 8
A10: =A9+1 -> 9
A11: =A10+1 -> 10
A12: =A11+1 -> 11
A13: =A12+1 -> 12
A14: =A13+1 -> 13
A15: =A14+1 -> 14
A16: =A15+1 -> 15

Sheet Velocity Tracking
A1: Sprint # | B1: Story Points Realized
A2: 1
A3: =A2+1 -> 2
A4: =A3+1 -> 3
A5: =A4+1 -> 4
A6: =A5+1 -> 5
A7: =A6+1 -> 6
A8: =A7+1 -> 7
A9: =A8+1 -> 8
A10: =A9+1 -> 9
A11: =A10+1 -> 10
A12: =A11+1 -> 11
A13: =A12+1 -> 12
A14: =A13+1 -> 13
... A16: =A15+1 -> 15
B18: PLEASE CREATE THE VELOCITY CHART ON A NEW TAB USING THE DATA FROM THIS TAB

Sheet Mid-Project Release plan
A1: Sprint | B1: Goal | C1: Feature Name | D1: Est. size | E1: Est. remaining | F1: Real size | G1: Real remaining
A3: Release
A5: Total | D5: =sum(D8:D13) -> 0 | E5: =D5 -> 0
A7: Sprints
E8: Estimated burn-down | G8: Real burn-down
A9: 1 | D9: =sum(D16:D21) -> 0 | E9: =$D$5 -> 0 | F9: =sum(F16:F21) -> 0 | G9: =$D$5 -> 0
A10: =A9+1 -> 2 | D10: =sum(D22:D27) -> 0 | E10: =E9-D9 -> 0 | F10: =sum(F22:F27) -> 0 | G10: =G9-F9 -> 0
A11: =A10+1 -> 3 | D11: =sum(D28:D33) -> 0 | E11: =E10-D10 -> 0 | F11: =sum(F28:F33) -> 0 | G11: =G10-F10 -> 0
A12: ... | E12: =E11-D11 -> 0 | G12: =G11-F11 -> 0
A14: Features
A16: =A9 -> 1 | B16: =B9
A22: =A10 -> 2 | B22: =B10
A28: =A11 -> 3 | B28: =B11
C33: PLEASE CREATE THE BURNDOWN CHART ON A NEW TAB USING THE DATA FROM THIS TAB

Sheet Final Project Release plan
A1: Sprint | B1: Goal | C1: Feature Name | D1: Est. size | E1: Est. remaining | F1: Real size | G1: Real remaining
A3: Release
A5: Total | D5: =sum(D8:D13) -> 0 | E5: =D5 -> 0
A7: Sprints
E8: Estimated burn-down | G8: Real burn-down
A9: 1 | D9: =sum(D16:D21) -> 0 | E9: =$D$5 -> 0 | F9: =sum(F16:F21) -> 0 | G9: =$D$5 -> 0
A10: =A9+1 -> 2 | D10: =sum(D22:D27) -> 0 | E10: =E9-D9 -> 0 | F10: =sum(F22:F27) -> 0 | G10: =G9-F9 -> 0
A11: =A10+1 -> 3 | D11: =sum(D28:D33) -> 0 | E11: =E10-D10 -> 0 | F11: =sum(F28:F33) -> 0 | G11: =G10-F10 -> 0
A12: ... | E12: =E11-D11 -> 0 | G12: =G11-F11 -> 0
A14: Features
A16: =A9 -> 1
A22: =A10 -> 2
A28: =A11 -> 3
C33: PLEASE CREATE THE BURNDOWN CHART ON A NEW TAB USING THE DATA FROM THIS TAB

Sheet Definition of Done
A1: # | B1: Feature Definition of Done | C1: Sprint Release Definition of Done | D1: Project Release Definition of Done

Sheet Documentation
A1: Type | B1: Link / reference

Sheet Bill of Materials
A1: # | C1: Context | D1: Name | E1: Version | F1: Licence (SPDX) | G1: Comment
A2: # | B2: Component | C2: Type | D2: Component | E2: Version | F2: Supplier | G2: Notes
A3: 1 | B3: python | C3: container | D3: python | E3: 3.12 | F3: Python Software Foundation | G3: Base image for pipeline and MCP server; code-review-graph needs Python >= 3.10
A4: 2 | B4: git | C4: application | D4: git | E4: unpinned (resolve at first lockfile) | F4: Git project | G4: Host/base-image tool for git worktree checkouts; invoked as a separate process, not linked or modified
A5: 3 | B5: code-review-graph | C5: library | D5: code-review-graph | E5: 2.3.9 | F5: Tirth (tirth8205) | G5: Primary structural extractor (PyPI release 18 Sep 2026)
A6: 4 | B6: sqlglot | C6: library | D6: sqlglot | E6: 30.22.0 | F6: Toby Mao and contributors | G6: SQL read/write extraction (release 9 Oct 2026)
A7: 5 | B7: atlassian-python-api | C7: library | D7: atlassian-python-api | E7: 5.0.5 | F7: atlassian-api community (not Atlassian) | G7: Jira and Confluence connectors (Cloud and Server/DC); licence V, version from docs (S)
A8: 6 | B8: markdown-it-py | C8: library | D8: markdown-it-py | E8: unpinned (resolve at first lockfile) | F8: Executable Books | G8: Markdown parsing (headings, links, code spans)
A9: 7 | B9: markdownify | C9: library | D9: markdownify | E9: unpinned (resolve at first lockfile) | F9: Matthew Tretter and contributors | G9: Confluence storage format (XHTML) to markdown
A10: 8 | B10: mcp | C10: library | D10: mcp | E10: unpinned (resolve at first lockfile) | F10: Model Context Protocol project | G10: MCP tool server SDK
A11: 9 | B11: pydantic | C11: library | D11: pydantic | E11: unpinned (resolve at first lockfile) | F11: Pydantic Services Inc. and contributors | G11: Canonical fact schema and validation
A12: 10 | B12: ollama (Python client) | C12: library | D12: ollama (Python client) | E12: unpinned (resolve at first lockfile) | F12: Ollama Inc. | G12: Chat and embedding calls to the local model runtime
A13: 11 | B13: repowise | C13: library | D13: repowise | E13: 0.58.0 | F13: repowise-dev | G13: Second extractor: workspaces and cross-repo contracts. Disable telemetry (opt-out). Version observed on PyPI earlier in the survey
A14: 12 | B14: neo4j (Python driver) | C14: library | D14: neo4j (Python driver) | E14: unpinned (resolve at first lockfile) | F14: Neo4j Inc. | G14: Loader and MCP queries
A15: 13 | B15: PyDriller | C15: library | D15: PyDriller | E15: unpinned (resolve at first lockfile) | F15: Davide Spadini and contributors | G15: Git history mining (commits, changed files, issue keys)
... A30: 28 | B30: Meilisearch | C30: container | D30: Meilisearch | E30: - | F30: Meili SAS | G30: Optional LibreChat search; disabled

Sheet (Draft) Bill of Materials
A1: # | B1: Context | C1: Name | D1: Version | E1: Licence (SPDX) | F1: Comment
A2: 1 | B2: container | C2: python | D2: 3.12 | E2: PSF-2.0 | F2: Base image for pipeline and MCP server; code-review-graph needs Python >= 3.10
A3: 2 | B3: application | C3: git | D3: unpinned (resolve at first lockfile) | E3: GPL-2.0-only | F3: Host/base-image tool for git worktree checkouts; invoked as a separate process, not linked or modified
A4: 3 | B4: library | C4: code-review-graph | D4: 2.3.9 | E4: MIT | F4: Primary structural extractor (PyPI release 18 Sep 2026)
A5: 4 | B5: library | C5: sqlglot | D5: 30.22.0 | E5: MIT | F5: SQL read/write extraction (release 9 Oct 2026)
A6: 5 | B6: library | C6: atlassian-python-api | D6: 5.0.5 | E6: Apache-2.0 | F6: Jira and Confluence connectors (Cloud and Server/DC); licence V, version from docs (S)
A7: 6 | B7: library | C7: markdown-it-py | D7: unpinned (resolve at first lockfile) | E7: MIT | F7: Markdown parsing (headings, links, code spans)
A8: 7 | B8: library | C8: markdownify | D8: unpinned (resolve at first lockfile) | E8: MIT | F8: Confluence storage format (XHTML) to markdown
A9: 8 | B9: library | C9: mcp | D9: unpinned (resolve at first lockfile) | E9: MIT | F9: MCP tool server SDK
A10: 9 | B10: library | C10: pydantic | D10: unpinned (resolve at first lockfile) | E10: MIT | F10: Canonical fact schema and validation
A11: 10 | B11: library | C11: ollama (Python client) | D11: unpinned (resolve at first lockfile) | E11: MIT | F11: Chat and embedding calls to the local model runtime
A12: 11 | B12: library | C12: asyncpg | D12: unpinned (resolve at first lockfile) | E12: Apache-2.0 | F12: PostgreSQL driver; chosen instead of psycopg (LGPL-3.0) to keep Vision A permissive. AGE is queried via SQL cypher() calls, not the psycopg-based AGE driver
A13: 12 | B13: container | C13: ollama | D13: 0.40.9 | E13: MIT | F13: Local LLM runtime. Sources disagree on latest (0.40.5 / 0.40.9 / 0.40.10); pinned 0.40.9. Cloud features must be disabled (offline configuration)
A14: 13 | B14: container | C14: LibreChat | D14: 0.8.8 | E14: MIT | F14: Chat UI (release 1 Oct 2026). Verify compose services at lock time
... A27: 26 | B27: container | C27: Meilisearch | D27: - | E27: MIT | F27: Optional LibreChat search; disabled

Sheet Planning Poker
A1: ='Project Team'!A1 -> Last Name | B1: ='Project Team'!B1 -> First Name | C1: Value
A2: ='Project Team'!A2 -> Fritz | B2: ='Project Team'!B2 -> Josefina | C2: 0 | E2: =average(C5:C10) -> 4.6666667 | F2: =IF(STDEV(C5:C10) > 0,"NOK", "OK") -> NOK
A3: ='Project Team'!A3 -> Barriga Vasquez | B3: ='Project Team'!B3 -> Fernando | C3: 0
A4: ='Project Team'!A4 -> Sternberg | B4: ='Project Team'!B4 -> Fiona
A5: ='Project Team'!A5 -> Afzal Yousuf | B5: ='Project Team'!B5 -> Ali | C5: 5
A6: ='Project Team'!A6 -> Pohlitz | B6: ='Project Team'!B6 -> Paul | C6: 5 | E6: 0 | F6: No size
A7: ='Project Team'!A7 -> Rubins | B7: ='Project Team'!B7 -> Adrians | C7: 5 | E7: 1 | F7: Trivial size
A8: ='Project Team'!A8 -> Kiesel | B8: ='Project Team'!B8 -> Paul | C8: 5 | E8: 2 | F8: Small size
A9: ='Project Team'!A9 -> Ahm | B9: ='Project Team'!B9 -> Raihan | C9: 5 | E9: 3 | F9: Medium size
A10: ='Project Team'!A10 -> Marques | B10: ='Project Team'!B10 -> Rafael | C10: 3 | E10: 5 | F10: Large size
E11: 8 | F11: Very large size
E12: 13 | F12: Too large (size)
A14: How to play planning poker
A16: 1. Everyone type their number into their value field, don't hit return yet
A17: 2. Someone, perhaps a product owner, count down 3.. 2.. 1..
A18: 3. Then, everyone hit return to submit their value
